"geo","geo.name","geo.cat","geo.world_4region","geo.latitude","geo.longitude","geo.shape_lores_svg"
1,Western Cape,"province",1,,,
2,Eastern Cape,"province",2,,,
3,Northern Cape,"province",3,,,
4,Free State,"province",4,,,
5,Kwazulu-Natal,"province",5,,,
6,North-West,"province",6,,,
7,Gauteng,"province",7,,,
8,Mpumalanga,"province",8,,,
9,Limpopo,"province",9,,,
"southafricaprovince","South Africa Province","world_4region",,-14.33333,28.5,"<svg xmlns='http://www.w3.org/2000/svg' version='1.1' viewBox='0 0 584.5 364.5'><path id='africa' d=''/></svg>"
"southafrica","South Africa","world_4region",,-14.33333,28.5,"<svg xmlns='http://www.w3.org/2000/svg' version='1.1' viewBox='0 0 584.5 364.5'><path id='africa' d=''/></svg>"
"africa","Africa","world_4region",,-14.33333,28.5,"<svg xmlns='http://www.w3.org/2000/svg' version='1.1' viewBox='0 0 584.5 364.5'><path id='africa' d='M322.7,114.7l-1-1.8l-6.5,2.3l-16-4.8l-2.3,1.7l-1.8,4.5l-16.9-8.6l-0.2-0.6l-0.3-5.5l-2-2.8l-29,4.4l-0.2-0.4 l-1.7,0.2l-0.1,1.1l-6.7,7l-0.5,1.9l-0.6,0.7l-0.3,3.3l-15.3,23.7l0.6,13.2l-1.4,3l1.1,7.6l12.1,17.9l6,2.8l7.1-1.9l4.5,0.8 l13.7-3.3l3.9,4.5h3.5l1.6,1.4l1.8,3.6l-1.1,10.7l9.2,27.4l-4,14.6l8.5,30.7l1.1,1.1v0.7h0.5l3.5,12.5l2,1.7l11.9-0.6l15-18.2v-3.9 l5.1-4.5l1.1-4.2l-1.1-5.9l10.5-12.2l0.6-0.3l1.6-3.7l-3.4-24l25-43.3l-13.1,1.1l-1.8-1.1l-24.7-48.6l0.9-0.4l0.6-1L322.7,114.7  M360.1,233.2l2.3,1.7l-8.6,30.5l-4.3-0.6l-2-7.6l2.8-14.6l6.4-4.4l2.8-4.9L360.1,233.2z'/></svg>"
"americas","The Americas","world_4region",,8.9936,-79.51973,"<svg xmlns='http://www.w3.org/2000/svg' version='1.1' viewBox='0 0 584.5 364.5'><path id='americas' d='M134.8,152l-11.4,1.8l-3.1-1.7l5.3-1.3l-0.7-1.1l-3.3-1.4h-0.1l-8.1-0.9l-0.3-0.3l-0.3-1.5l-6.2-3.6l-3.4,0.8 l-1.6,1.3l-1.2-0.5l-0.7-1.7l3.8-1.6l9.1,0.7l9.5,5.3l0,0l3.3,1.8l1.7-0.5l6.6,2.8L134.8,152 M183.7,25.4l-0.5-1.5l-2.6-2.2 l-2.1-0.6l-2.9-2.2l-18.2-2.2l-5.1,3.7l2,4.3l-6,2.2l1-1.7l-4.6-1.9l-0.5-1.7l-1.1-1.2l-2.9,0.5l-2.1,4.2l-5.8,2.5l-15.5-2.2 l10.5-1.7l-1.3-4l-11.6-0.4l-3.2-1.5L96,20.7h5.8l4,1.9l-1.7,1l0.8,1l7.2,2.3l-78.9-5.3l-10,3.6l-0.4,4.4L18,31.1l1,1.8l1.7,1.2 l-5.5,4.5l-0.4,5.6L13.8,46l1.8,1.8l-4.4,6.2L22,43.7l1.8-0.5l1.3-1.2l13.4,4l4,4.2l-1.3,14l1.6,2.6l-3.3,1.3L39.4,70l2.7,2.6 L28.6,96.9l1.6,11.2l4.8,5.6l-0.2,3.4l2.5,6.1l-0.5,5l6.6,11.9L38,121.5l1.7-4l3.4,6.1l0.3,2.2l7.1,13.1l1.1,9.2l11.1,8.7l1.6,0.3 l1.3,0.9l5.5,1.2l3.4-0.9l5.5,4.2l0.3,0.5l0.8,0.3l2.1,1.9l5.5,0.5l0.2,0.6l0.8,0.3l4.8,8.9l2.3,1.5l0.2,0.5l7.1,3.4l1.6-1.7 l-5.1-2.2l-1.3-15.6l-6.3-2.2l-3.7,0.3v-4.6l3.7-8.9l-5.2-0.9l-0.5,0.3L83,151l-6.3,2.2l-4-2.8l-3.2-8.9l3.2-11.8l0.5-0.3l0.2-1.2 l2.6-3.1l8.5-3.6l6.3,1.8l4.5-3.1l9.2,1.1l2.5,3.1l1.5,7.8l1.3,1.8l2.1-4.5l-1.1-5l1.6-7l13.7-12.3l0.2-3.7l0.8-1.7l0.9-0.2l0.7,0.5 l0.6-1.9l15-8.8l2.2-3.9l11.9-5.1l-2.2,3.6l11.4-3.8l-5.2-1.7l-1.8-2.8l1.6-4.2l-0.8-0.9h-4.2l0.8-1.5l19.5-3.2l1.6,2.8l-4.5,4.2 l6,1.7l5.3-2.2l-6.3-7.6l4.5-6.1l-1.1-0.6l-0.2-0.5h-3.2l-3.7-13.4l-7.7,3.1l-1.8-1.9l0.2-3.9l-2.3-2.5l-3.4-1.5l-6.6,1.9l-2.1,4.2 l-1.1,0.6l-1.3,2.2l-0.3,3.4l-10,9.5l-0.8,2.8l-1.8,1.9l-2.1,0.3l-1.8-2.5l1.1-4.8l-11.9-6.1l-3.1-5.1l15-12l1.3,0.3l5.1-1.2 l1.1-1.2l0.4-1.2l3.4-0.3l-1.7,4.8L147,34l4.6,0.7l-2.2-2.9l-2.1-1.2l8.2-2.8l0.3-0.6l2-1.7l0.7,0.1l8.1-4.2l7.4,5.3l0.2,1.5l-6,1.5 l-1.8,2.2l3.7,5.3l3.4,1.2l2.3-2.2l2.9-1.2L179,33l-0.2-1.9l7.7-1.7L183.7,25.4 M119.7,74.5l0.8,3.1l1.7,1.8l3.3-0.2l5.4,4.7 l2.7,0.2l-0.5,1.7l-4.7-0.4l0.2-1.2l-2.6-0.9l-2,0.6l-2.6,3.4l3.1,1.7l-3.2,2.3l-2.6-1.2l0.1-9.3l-9.6,9.9L108,88l4.5-7l4.3-2 l-5.1-2.1l-4.8,0.5l0.2-1.7l1.3-1.2l8.7-2.2L119.7,74.5 M205.9,223.1l-1.3,3.1H204l-7.1,11.2l-1.9,18.2l-3.1,6.1h-0.5v0.6l-0.8,0.3 l-1.1,1.2l-2.7-0.3l-9.4,6.7l-7.7,21.6l-3.9,3.3l-5.1-1.1l2.1,3.3l0.5,5.3l-7.9,3.3l-1.4,1.5l-0.5,3.6l-1.1,0.6l-1.1-0.3l-1.8,0.9 l1.8,6.1l-1.8,5.6l3.4,6.1l-2,5.9l0.5,3.1l11.1,8.2l-0.2,0.5l-9.3-0.6l-4.3-5.1l-4.7-1.7l-8.6-17.1l0.5-1.7l-6-12.3l-4.5-56.7 l-12.4-10.2l-4.2-8.1l-0.8-0.6l-9.8-21.5l1.1-2.2l-0.3-2.6l-0.5-0.8l7.9-15.3l0.3-5.6l-1-2.8l1-3.9l1.8-0.3l9.7-8.2l2.1,0.3l0.8,5.1 l2.7-5.1l1.3-0.3l4.2,2.8h0.9l0.2,0.6l14.8,3.9l1.6,1.4l0.3,0.6l7.9,6.7l7.7,0.9l4.3,4l2,6.3l-1,4.6l4.4,1.4l1.1,2.2l5.2-1.1 l2.1,1.1l2.6,4l2.9-0.9l9,1.9l8.6,5.8L205.9,223.1'/></svg>"
"asia","Asia","world_4region",,16.16667,107.83333,"<svg xmlns='http://www.w3.org/2000/svg' version='1.1' viewBox='0 0 584.5 364.5'><path id='asia' d='M322.9,118.9l22.8,42.5l13.5-5.9l16.8-19l-7.3-6.5l-0.7-3.4h-0.1l-5.7,5.2l-0.9,0.1l-3.2-4.4l-0.4-0.2l-0.7,1.7 l-1.2-0.4l-4.1-11.4l0.2-0.5l1.9-1.2l5.1,6.8l6.2,2.7l0.8-0.2l1.1-1.1l1.6,0.4l2.9,2.6l0.4,0.8l16.4,0.8l6.9,6.5l0.4,0.1l1.4-0.3 l0.3,0.1l-1.7,2.5l2.9,2.8h0.7l3.3-3.3l0.5,0.3l9.2,32.1l4,3.7l1.3-1.3h0.2l1.7,1.3l1.4,6.6l1.6,0.9l1.7-2.9l-2.3-7.3l-0.1,0.3v-0.2 l-1.7,0.6l-1.3-1.1l1.2-14.3l14.3-17.6l5.9-1.7l0.3,0.1l3.1,4.5l0.8,0.2l0.9,1.5l0.8,0.3l4.7,10.3l0.2,0.1l2-0.6l5.4,10.1l-0.3,10.5 l2.8,3.7l0,0l4.2,10.8l1.8,1.7l-1.1,2.4l-0.8-0.6l-1.9-4l-1.7-1.4l-0.3-0.9l-5.5-3.5l-2.4-0.3l-0.2,1.2l19.8,28.5l2.6-3.6l-5.7-11.2 l0.9-4l0.7-0.2l0.2-2.3l-9.3-18.6l-0.3-8.9l1.4-1.5l6.7,7.8l1.4,0.3l1.1-0.6l0.1,0.1l-0.2,3.4l0.6,0.5l0.5,0.2l7.4-7.9l-2-10.4 l-6.9-9.5l4.9-6l0.8,0.2l0.8,0.5l1.7,3.9l2.9-4.7l10.1-3.6l5.1-8.1l1.6-9.9l-2.5-2l1.1-1.7l-7.5-11.5l3.5-4.7l-6.1-0.9l-3.5-3.7 l4.1-4.3l0.8-0.1l1.4,0.9l0.6,2.9l2.8-1.3l3.9,1.4l0.9,3.2l2.3,0.5l5,9h0.4l2.3-2.4h0.3l1-1.5l-1.7-3.8l-5.8-5.9l2.1-4v-3.6l2.6-2.4 l0.5,0.1l0.2-0.1l-3.5-15.2l-0.2,0.1v-0.1l-9.3,1.2l-7.3-9.3L464,58.8l-0.8,1.9L441.2,60l-1.5-1.8l-0.2,0.1l0,0l-7.3,4.1l-7.5-3 l-0.5,0.3l-1.8-0.8l-0.9-1.2l-0.3,0.1l-0.1-0.1l-5.7-0.4l-0.3-0.2l0,0l0,0l-1,0.5l-1.5,4.5l-4.2,2.7l-16.8-4.4L377.5,50l0,0l-0.2,1 l1.8,6.7l-13.3,3l-9.2-3.8l-1.1,3.1l-6.7-1.6l-0.1,0.1h-0.2l-4.4,6.8l3.8,3.8l0.6,2.7l0,0l0,0L352,71l2.6,2.2V74l-2.3,1.9l-0.8,1.6 l1.6,3.9l0.9,0.3l1,1.1l2.6,0.9l1.7,1.7l-0.2,1.1l-1.5,2.8l2.1,3.7v4.5l-1.3,1.4l-3.8-0.9l-4.7-5.1v-0.6l-1.4-1.4l-3.9,2.1l-2.4-2.1 l-1.6,0.9l-0.3,5.1l-15.2,4.7l-1.7,9.8l-2.5,1.7L322.9,118.9 M531.1,99.3l-1,2l-4,1.7l-2.4,3l-3.3-2.5l-6.4,0.2l-0.2-0.7l8.9-4.2 l3.7-4.9l-0.6-3.3l-3.2-5.1l-0.7-0.4v-5.1l1.4-2.6l1.7,0.3l0.6,0.7h0.8l1.1,0.8l1.3,0.3l0.6,1.9l-1.7,2l-2.6-1.2L531.1,99.3  M500.5,130.3l1.9-0.9l-0.8,6.3l-1.6-0.3L500.5,130.3 M515.9,180.5l-1.7,0.4l-2.2-3.3l-3.6-2.2l4.3-2.5l0.9-3.1l-0.3-4.1l-4.6-2.1 l-2,0.5l-5.1,8.5l-2.4,0.3l-0.2-3.4l0.8-0.7l4.2-9.3l-1.8-3.7l1.4-9.3l2.4,1.8l1.6,3.6l-0.5,4.8l8,6.4l0.1-0.1l3.1,11.2L515.9,180.5 L515.9,180.5L515.9,180.5 M497.7,179.5l2.6,0.9l1.1,1.9l-1.8,5.1l0.8,7l-6,10.9l-9.2-1.7l-2.9-10.9L497.7,179.5L497.7,179.5  M509,194.8l-1.8,0.1L509,194.8 M515,193.9l-1.7,2.2l-2.4-0.2l-1.9-1.1l-3.3,1.3l-0.3,1.9l1.2,1.4l2.1-0.3l0.9-0.7l1.1,0.1l0.3,1.2 l-1.9,2.6l0.7,5.6l-2.3-2l-1-2l-1.5,1l0.9,5.2l-3.1-0.4l0.2-2.8l-1.4-2.5l2.9-10.5l3.2-1.6l3.8,1.2l3.4-1.1L515,193.9 M530.7,198.1 l2.5,0.5l0.4,0.4l2,5.3l2.1-2.2l4.2-1.7l14.5,11.5l2.4,0.5l4-2.6l-1.2,4.7l-3.5,1.4l-0.5,1.4l0.1,1.3l4.4,6.5l-4.4-1.5l-5.2-7.5 l-5.6,4.4l-5.6-2l-1.2-1.5l1.3-1.5l-1.9-2.4l-0.3-0.8l-8.5-5l-0.9-4.7l-3.4-3.1l2.4-1.4H530.7 M476.6,212.1l19.1,5l3.1-0.8l4.4,1.4 l3.3-0.9l12.4,2.1l-0.1,0.6l-8.2,4v-1.9l-35.4-5.6l-1.5-1.8l2.5-1.9H476.6 M569.4,280.1l-19,14.6l-0.7-1.1l2.2-4.6l5.1-3l7.4-9.7 l0.9-4.3l4.8,5.1L569.4,280.1 M554.3,267.3l-11.1,18.2l-5.7,3.1l-4.8,7.7l-2.5,0.5l-0.6-1.9l0.5-3.4l2.8-2.9l-6.6-0.8l-1.6-1.4 l-1.7-8.4l-0.9-0.9l-3.1,1.1l-5.2-3.9l-32.3,7.3l-2.3-1.9l2.3-4.5l0.6-21.9l1.8-2.5l13.9-6.4l4.3-4.8l0.3-0.9l10-9.2l4.2,1.9l5.5-7 l4.2-1.4l4.9,2l-1.1,5l2.8,4.8l4.5,2.8l3.2-4.5l2.5-11.7l4.6,10.8v7.6l7.7,18.5L554.3,267.3L554.3,267.3L554.3,267.3L554.3,267.3 L554.3,267.3L554.3,267.3'/></svg>"
"europe","Europe","world_4region",,50.75,4.5,"<svg xmlns='http://www.w3.org/2000/svg' version='1.1' viewBox='0 0 584.5 364.5'><path id='europe' d='M556.7,26.9l-35.5-7.3l-3.5,1.4l-49.9-5.2l-2.7,2l-45.8-4.1l-1.3-1.9l-15.3-2.2l-0.2,0.1h-0.1l-0.2,0.2l-6,0.6 l-0.5,0.5L372.4,17l-1.7,1.7l-5.8-3.1h-1.7l-1.5,3.7l1.8,2.5l-0.4,0.2l-10.1-1.5l-6.8,1.9l-5.3-0.6l-7.2,2.6l-4.2-1h-0.1l-3.1,3.2 l-0.9,0.2l-2.6,2.2l-2.3,0.8l-1.6,2h-1.7l-5.1-5.1l-1-0.2l-0.1-0.5l1.3-0.9l8.4,1.6l0.5-0.1l2.4-1.8l-0.8-0.9l-20.2-5.5l-16.9,3.4 L268,37l0.8,6.1l3.2,1.7l4-1l1.5,0.9l2.6,5.5h0.8l0.7,1.2l0.8,0.2l7.9-9.7l-2.9-5.4l8.5-8.9h0.5l1.3,1.7l-2.7,6.6l0.8,2.8l11.9,2.4 l-4,1.8l-3.5-0.3l-1.5,1.2l1,1.6l-0.1,2.2l-0.9-0.6H297l-1.8,1.2l-0.5,3.9l-2.3,2.2h-4.3l-4.2,1.9l-6.8-0.7l-0.6-0.4l2.5-1.7 l0.5-1.2l-0.9-1.7l-0.2-0.1l-2.3,0.5l-0.2-0.1l-0.2-3.4l-0.4-0.1l-2.6,3.9l1.3,3.7l-1.4,1.7L269,57l-18.9,13.1l0.1,1l1.7,1.6 l0.8,0.3l1.3,2.2l0.3,3.6l-3.1,4.5l-9.7-0.9l-1.3,1.5L239,97.9l0.4,1.1l5.1,3.1l0.2,0.8l1.6-0.2l0.1-0.2h0.1v-0.1l7.9-4.5l10-14.3 l10-2.8l1.2,0.5l11,11.5l0.2,2.3l-2,1.8l-1.9-0.4l-1.8,0.5l3.8,3.9l1.1-0.7l3.7-5.6l0.2-0.5l-0.9-1.9l0.2-0.4l2.3,0.3l0.8-1 l-1.7-0.9l-8.7-7.6l-0.5-4.5l1.4,0.2l10.4,8l3.4,9l1,0.5l0.5,0.6v1.5l4.5,6.1v0.4l0.7,1.1l3.7,1.3l1.4-1.6l-3.8-2.3l-0.1-1.7 l2.2-2.6l-6.3-6.3l5.6-2.2L306,90l5.8,8l4.2-0.6l2.7,0.9l1,4.7l0.7-0.1l1.8-2l-1.3-1.7l0.2-0.9h4.3l0.3,2.7l15.2-4.7l0.4-5.1 l1.5-0.9l2.5,2l3.9-2.1l1.4,1.5l0.3-3.9l-3.1-5.3l-1.3-8.6l2.9-2.5l-0.6-2.7l-3.8-3.8l4.5-6.9l6.8,1.6l1.1-3.1l9.2,3.8l13.3-3.1 l-1.8-6.7l0.2-1l8.7,7.4l22.2,7.4l4.3-2.7l1.5-4.5l1-0.5l0.2,0.2l6,0.4l1,1.2l1.7,0.8l0.5-0.3l7.5,2.9l7.5-4.2l1.5,1.8l22.1,0.8 l0.7-1.8l23.5-1.4l7,9.2l9.6-1.2l3.4,15.2l1,1.1l-0.2,0.2l1.7,1.7l0.5,0.1l1.8-2.2l1.6-5.3L508,56.7l-2.9-2.2l-5.5,0.3l-2.6-2.5 l1.8-7.8l0.5-0.3l0.2-0.9l3.4-1.7l14.2,0.6l1.3-4.8l1.6-1.2l0.4-0.1l4.3,1.2l0.1-0.1l0.2,0.1l3.1-2.5l1.7,0.9l-1,12l6.9,15.9l3.1-3 l0.1-0.3l2.3,1.1l0.8-2.2l-1.1-8.7l-4.8-5.8l0.1-2.6l0.8-1.5l4.5-2.2l2.2,0.2l4-3.7l2.1-0.3l1.1-1.7l-5.2-2.5l-0.5-1.7l2.9-1.7 l8.2,2.2l0.9-0.2l0.8-1.2L556.7,26.9 M331,87l-11.6-3.1l-8.9,2.9l-0.2-0.1l-0.5-1.9l2.9-7l2.9-2.5h1.7l2.1,1.1l2.3-1.7l1.8-3.4 l1.8-0.6l2.1,0.6l-0.8,3.9l7.7,7.3L331,87 M252.8,18.2l-5.8,5.6l-3.7,1.1l-1.1,4.3l-2.2,1.7l-0.2,1.2l0.9,1.7l7.8,1.2l-2.4,2.9 l-4.6,1.7l-5.9-2.9l2-1.8l1.9-0.8l-2.5-2.1l-11.4,1.7l-4.7,3.1l-8,1.7L203,49l-3.4,0.3l-3.7-2.8l-1.3-10.6l5.2-4.5l1.1-2l-1.9-3.3 l-0.5-0.3v-0.6l-0.5-0.3v-0.6l-0.6-0.3l-1.1-1.4l-3.1-1.4h-5.5l-4-1.7l71.2-3.4L252.8,18.2 M258.9,60.7l0.7,1.2l-10.5,1.5l3.4-1.5 l-0.1-1.5l-2.7-0.9l4.2-4.9l-2.7-2.7l-5.9,7.4l-4.4,0.8l1.1-2.7l-0.2-2.7l8.5-4.8l0.3-3.8l1-1.3l1.3,0.4l0.2,1.1l1.3,0.3l-0.8,3.2 l3.3,2.4l1.7,5.1l2.6,0.9L258.9,60.7'/></svg>"
abkh,Abkhazia,country,europe,,,
abw,Aruba,country,americas,12.5,-69.96667,
afg,Afghanistan,country,asia,33,66,
ago,Angola,country,africa,-12.5,18.5,
aia,Anguilla,country,americas,18.21667,-63.05,
akr_a_dhe,Akrotiri and Dhekelia,country,europe,,,
ala,Åland,country,europe,60.25,20,
alb,Albania,country,europe,41,20,
and,Andorra,country,europe,42.50779,1.52109,
ant,Netherlands Antilles,country,americas,,,
are,United Arab Emirates,country,asia,23.75,54.5,
arg,Argentina,country,americas,-34,-64,
arm,Armenia,country,europe,40.25,45,
asm,American Samoa,country,asia,-11.056,-171.082,
ata,Antarctica,country,europe,-90,,
atg,Antigua and Barbuda,country,americas,17.05,-61.8,
aus,Australia,country,asia,-25,135,
aut,Austria,country,europe,47.33333,13.333329999999998,
aze,Azerbaijan,country,europe,40.5,47.5,
bdi,Burundi,country,africa,-3.5,30,
bel,Belgium,country,europe,50.75,4.5,
ben,Benin,country,africa,9.5,2.25,
bfa,Burkina Faso,country,africa,12.5,-1.66667,
bgd,Bangladesh,country,asia,24,90,
bgr,Bulgaria,country,europe,42.66667,25.25,
bhr,Bahrain,country,asia,26.03333,50.55,
bhs,Bahamas,country,americas,25.04082,-77.37122,
bih,Bosnia and Herzegovina,country,europe,44.25,17.83333,
blr,Belarus,country,europe,53,28,
blz,Belize,country,americas,17.49952,-88.19756,
bmu,Bermuda,country,americas,32.2949,-64.78303000000001,
bol,Bolivia,country,americas,-17,-65,
bouisl,Bouvet Island,country,africa,,,
bra,Brazil,country,americas,-10,-55,
brb,Barbados,country,americas,13.166670000000002,-59.53333000000001,
brn,Brunei,country,asia,4.5,114.66667,
btn,Bhutan,country,asia,27.5,90.5,
bwa,Botswana,country,africa,-22,24,
caf,Central African Republic,country,africa,7,21,
can,Canada,country,americas,60.10867,-113.64258000000001,
cck,Cocos Island,country,asia,-12.1642,96.87331999999999,
chanisl,Channel Islands,country,europe,,,
che,Switzerland,country,europe,47.00016,8.01427,
cheslo,Czechoslovakia,country,europe,,,
chl,Chile,country,americas,-33.45694,-70.64827,
chn,China,country,asia,35,105,
civ,Cote d'Ivoire,country,africa,8,-5.5,
cmr,Cameroon,country,africa,6,12.5,
cod,"Congo, Dem. Rep.",country,africa,-2.5,23.5,
cog,"Congo, Rep.",country,africa,-1,15.5,
cok,Cook Is,country,asia,-21.24842,-159.78516000000002,
col,Colombia,country,americas,4,-73.25,
com,Comoros,country,africa,-12.23333,44.44553,
cpv,Cape Verde,country,africa,16,-24,
cri,Costa Rica,country,americas,10,-84,
cub,Cuba,country,americas,22,-79.5,
cxr,Christmas Island,country,asia,-10.5,105.66667,
cym,Cayman Islands,country,americas,19.5,-80.66667,
cyp,Cyprus,country,europe,35,33,
cyp_nor,Northern Cyprus,country,europe,,,
cze,Czech Republic,country,europe,49.75,15,
deu,Germany,country,europe,51.5,10.5,
deu_east,East Germany,country,europe,,,
deu_west,West Germany,country,europe,,,
dji,Djibouti,country,africa,11.58901,43.14503,
dma,Dominica,country,americas,15.5,-61.333330000000004,
dnk,Denmark,country,europe,56,10,
dom,Dominican Republic,country,americas,19,-70.66667,
dza,Algeria,country,africa,28,3,
ecu,Ecuador,country,americas,-1.25,-78.25,
egy,Egypt,country,africa,27,30,
eri,Eritrea,country,africa,15,39,
eri_a_eth,Eritrea and Ethiopia,country,africa,,,
esh,Western Sahara,country,africa,24.49215,-12.65625,
esp,Spain,country,europe,40,-4,
est,Estonia,country,europe,59,26,
eth,Ethiopia,country,africa,9,39.5,
fin,Finland,country,europe,64,26,
fji,Fiji,country,asia,-18,178,
flk,Falkland Is (Malvinas),country,americas,-51.75,-59.166669999999996,
fra,France,country,europe,46,2,
fra_antarc,French Southern and Antarctic Lands,country,,,,
fra_clipperton,Clipperton,country,,,,
fro,Faeroe Islands,country,europe,62,-7,
fsm,"Micronesia, Fed. Sts.",country,asia,6.9239999999999995,158.162,
gab,Gabon,country,africa,-1,11.75,
gbg,Guernsey,country,europe,49.45474,-2.57629,
gbm,Isle of Man,country,europe,54.15,-4.4833300000000005,
gbr,United Kingdom,country,europe,54.75844,-2.6953099999999997,
geo,Georgia,country,europe,41.99998,43.4999,
gha,Ghana,country,africa,8.1,-1.2,
gib,Gibraltar,country,europe,36.144740000000006,-5.35257,
gin,Guinea,country,africa,10.83333,-10.66667,
glp,Guadeloupe,country,americas,16.25,-61.583330000000004,
gmb,Gambia,country,africa,13.5,-15.5,
gnb,Guinea-Bissau,country,africa,12,-15,
gnq,Equatorial Guinea,country,africa,1.7,10.5,
grc,Greece,country,europe,39,22,
grd,Grenada,country,americas,12.11667,-61.666669999999996,
grl,Greenland,country,europe,72,-40,
gtm,Guatemala,country,americas,14.640720000000002,-90.51326999999999,
guf,French Guiana,country,americas,4,-53,
gum,Guam,country,asia,13.47861,144.81833999999998,
guy,Guyana,country,americas,5,-59,
heard_a_mcd,Heard and McDonald Islands,country,asia,,,
hkg,"Hong Kong, China",country,asia,22.28552,114.15768999999999,
hnd,Honduras,country,americas,15,-86.5,
hos,Holy See,country,europe,41.902359999999994,12.45332,
hrv,Croatia,country,europe,45.16667,15.5,
hti,Haiti,country,americas,19,-72.41667,
hun,Hungary,country,europe,47,20,
idn,Indonesia,country,asia,-5,120,
ind,India,country,asia,22,79,
iot,British Indian Ocean Territory,country,asia,-6,72,
irl,Ireland,country,europe,53,-8,
irn,Iran,country,asia,32,53,
irq,Iraq,country,asia,33,44,
isl,Iceland,country,europe,65,-18,
isr,Israel,country,asia,31.5,34.75,
ita,Italy,country,europe,42.83333,12.83333,
jam,Jamaica,country,americas,18.16667,-77.25,
jey,Jersey,country,europe,49.21667,-2.11667,
jor,Jordan,country,asia,31,36,
jpn,Japan,country,asia,35.685359999999996,139.75309,
kaz,Kazakhstan,country,asia,48,68,
ken,Kenya,country,africa,1,38,
kgz,Kyrgyz Republic,country,asia,41.5,75,
khm,Cambodia,country,asia,13,105,
kir,Kiribati,country,asia,1.421,172.984,
kna,St. Kitts and Nevis,country,americas,17.33333,-62.75,
kor,South Korea,country,asia,36.5,127.75,
korea_union,United Korea (former),country,asia,,,
kos,Kosovo,country,europe,,,
kwt,Kuwait,country,asia,29.36972,47.97833,
lao,Lao,country,asia,18,105,
lbn,Lebanon,country,asia,33.83333,35.83333,
lbr,Liberia,country,africa,6.5,-9.5,
lby,Libya,country,africa,28,17,
lca,St. Lucia,country,americas,13.883329999999999,-60.96666999999999,
lie,Liechtenstein,country,europe,47.16667,9.53333,
lka,Sri Lanka,country,asia,7.75,80.75,
lso,Lesotho,country,africa,-29.5,28.25,
ltu,Lithuania,country,europe,55.416669999999996,24,
lux,Luxembourg,country,europe,49.611670000000004,6.13,
lva,Latvia,country,europe,57,25,
mac,"Macao, China",country,asia,22.20056,113.54611000000001,
maf,St. Martin (French part),country,americas,,,
mar,Morocco,country,africa,32,-6,
mco,Monaco,country,europe,43.73333,7.41667,
mda,Moldova,country,europe,47.25,28.58333,
mdg,Madagascar,country,africa,-20,47,
mdv,Maldives,country,asia,3.2,73,
mex,Mexico,country,americas,19.42847,-99.12765999999999,
mhl,Marshall Islands,country,asia,7.1129999999999995,171.236,
mkd,"Macedonia, FYR",country,europe,41.66667,21.75,
mli,Mali,country,africa,18,-2,
mlt,Malta,country,europe,35.91667,14.433329999999998,
mmr,Myanmar,country,asia,21,96,
mne,Montenegro,country,europe,42.75,19.25,
mng,Mongolia,country,asia,46,105,
mnp,Northern Mariana Islands,country,asia,15.214,145.756,
moz,Mozambique,country,africa,-18.25,35,
mrt,Mauritania,country,africa,20.25,-10.5,
msr,Montserrat,country,americas,16.75,-62.2,
mtq,Martinique,country,americas,14.666670000000002,-61,
mus,Mauritius,country,africa,-20.3,57.583330000000004,
mwi,Malawi,country,africa,-13.5,34,
mys,Malaysia,country,asia,2.5,112.5,
myt,Mayotte,country,africa,-12.83333,45.16667,
nam,Namibia,country,africa,-22,17,
ncl,New Caledonia,country,asia,-21.5,165.5,
ner,Niger,country,africa,18,9,
nfk,Norfolk Island,country,asia,-29.03333,167.95,
nga,Nigeria,country,africa,10,8,
ngokar,Ngorno-Karabakh,country,europe,,,
nic,Nicaragua,country,americas,13,-85,
niu,Niue,country,asia,-19.03333,-169.86667,
nld,Netherlands,country,europe,52.25,5.75,
nld_curacao,Curaçao,country,americas,12.16667,-68.96667,
nor,Norway,country,europe,62,10,
north_mar,Northern Marianas,country,asia,,,
npl,Nepal,country,asia,28,84,
nru,Nauru,country,asia,-0.517,166.933,
nzl,New Zealand,country,asia,-42,174,
omn,Oman,country,asia,21,57,
pak,Pakistan,country,asia,30,70,
pan,Panama,country,americas,8.9936,-79.51973000000001,
pcn,Pitcairn,country,asia,-25.066670000000002,-130.1,
per,Peru,country,americas,-10,-75.25,
phl,Philippines,country,asia,13,122,
plw,Palau,country,asia,7.502999999999999,134.621,
png,Papua New Guinea,country,asia,-6,147,
pol,Poland,country,europe,52,20,
pri,Puerto Rico,country,americas,18.46633,-66.10571999999999,
prk,North Korea,country,asia,40,127,
prt,Portugal,country,europe,39.6945,-8.13057,
pry,Paraguay,country,americas,-23.33333,-58,
pse,West Bank and Gaza,country,asia,31.921570000000003,35.20329,
pse_gaza,Gaza Strip,country,asia,,,
pse_west_bank,West Bank,country,asia,,,
pyf,French Polynesia,country,asia,-15,-140,
qat,Qatar,country,asia,25.279320000000002,51.52245,
reu,Reunion,country,africa,-20.88231,55.4504,
rou,Romania,country,europe,46,25,
rus,Russia,country,europe,60,100,
rwa,Rwanda,country,africa,-2,30,
sau,Saudi Arabia,country,asia,25,45,
scg,Serbia and Montenegro,country,europe,,,
scg_ex_kos,Serbia excluding Kosovo,country,europe,,,
sdn,Sudan,country,africa,16,30,
sen,Senegal,country,africa,14.5,-14.25,
sgero_a_ssandw,South Georgia and the South Sandwich Islands,country,americas,,,
sgp,Singapore,country,asia,1.28967,103.85007,
shn,St. Helena,country,africa,-15.95,-5.7,
sjm,Svalbard,country,europe,78,20,
slb,Solomon Islands,country,asia,-8,159,
sle,Sierra Leone,country,africa,8.5,-11.5,
slv,El Salvador,country,americas,13.833329999999998,-88.91667,
smr,San Marino,country,europe,43.93667,12.44639,
som,Somalia,country,africa,6,48,
som_somland,Somaliland,country,africa,,,
sosset,South Ossetia,country,europe,,,
spm,St.-Pierre-et-Miquelon,country,americas,46.83333,-56.333330000000004,
srb,Serbia,country,europe,44.81892,20.459979999999998,
ssd,South Sudan,country,africa,7.5,30,
stbar,St. Barthélemy,country,americas,,,
stmar,St. Martin,country,americas,,,
stp,Sao Tome and Principe,country,africa,1,7,
sur,Suriname,country,americas,4,-56,
svk,Slovak Republic,country,europe,48.66667,19.5,
svn,Slovenia,country,europe,46.08333,15,
swe,Sweden,country,europe,62,15,
swz,Swaziland,country,africa,-26.5,31.5,
sxm,Sint Maarten (Dutch part),country,americas,18.04167,-63.066669999999995,
syc,Seychelles,country,africa,-4.58333,55.666669999999996,
syr,Syria,country,asia,35,38,
tca,Turks and Caicos Islands,country,americas,21.73333,-71.58333,
tcd,Chad,country,africa,15,19,
tgo,Togo,country,africa,8.66667,1.08333,
tha,Thailand,country,asia,15.5,101,
tjk,Tajikistan,country,asia,39,71,
tkl,Tokelau,country,asia,-9.167,-171.83,
tkm,Turkmenistan,country,asia,39.75,59.666669999999996,
tls,Timor-Leste,country,asia,-8.83333,125.75,
ton,Tonga,country,asia,-20,-175,
transn,Transnistria,country,europe,,,
tto,Trinidad and Tobago,country,americas,11,-61,
tun,Tunisia,country,africa,34,9,
tur,Turkey,country,europe,39,35,
tuv,Tuvalu,country,asia,-8.51719,179.14478,
twn,Taiwan,country,asia,24,121,
tza,Tanzania,country,africa,-6,35,
uga,Uganda,country,africa,1.25,32.5,
ukr,Ukraine,country,europe,49,32,
ury,Uruguay,country,americas,-33,-56,
usa,United States,country,americas,39.76,-98.5,
usa_minor_out_isl,US Minor Outlying Islands,country,americas,,,
ussr,USSR,country,europe,,,
uzb,Uzbekistan,country,asia,41.66667,63.833330000000004,
vct,St. Vincent and the Grenadines,country,americas,13.08333,-61.2,
ven,Venezuela,country,americas,8,-66,
vgb,British Virgin Islands,country,americas,18.5,-64.5,
vir,Virgin Islands (U.S.),country,americas,18.34829,-64.98348,
virg_isl,Virgin Islands,country,americas,,,
vnm,Vietnam,country,asia,16.16667,107.83333,
vut,Vanuatu,country,asia,-16,167,
wlf,Wallis et Futuna,country,asia,-13.3,-176.2,
wsm,Samoa,country,asia,-13.8,-172.13333,
yem,Yemen,country,asia,15.5,47.5,
yem_north,North Yemen (former),country,asia,,,
yem_south,South Yemen (former),country,asia,,,
yug,Yugoslavia,country,europe,,,
zaf,South Africa,country,southafrica,-29,24,
zmb,Zambia,country,africa,-14.333329999999998,28.5,
zwe,Zimbabwe,country,africa,-19,29.75,
